{
    "num_layers": 4,
    "units_0": 32,
    "l1_reg_0": 0.0005524226728052733,
    "l2_reg_0": 4.7049652975083776e-05,
    "batch_norm_0": false,
    "dropout_0": false,
    "dropout_rate_0": 0.5,
    "units_1": 64,
    "l1_reg_1": 0.00026820988917015964,
    "l2_reg_1": 0.00017548176662689568,
    "batch_norm_1": false,
    "dropout_1": false,
    "dropout_rate_1": 0.4,
    "learning_rate": 0.0023360487671257027,
    "units_2": 128,
    "l1_reg_2": 9.359659238480389e-05,
    "l2_reg_2": 1.660657091550873e-05,
    "batch_norm_2": false,
    "dropout_2": true,
    "dropout_rate_2": 0.30000000000000004,
    "units_3": 32,
    "l1_reg_3": 1e-05,
    "l2_reg_3": 1e-05,
    "batch_norm_3": true,
    "dropout_3": true,
    "dropout_rate_3": 0.1
}